"2","803-0822","福岡県",,"北九州市小倉北区青葉",NULL,NULL
"3","820-0202","福岡県",,"嘉麻市山野",NULL,NULL
"4","803-0801","福岡県",,"北九州市小倉北区西港町",NULL,NULL
"5","830-0038","福岡県",,"久留米市西町",NULL,NULL
"6","811-1324","福岡県",,"福岡市南区警弥郷",NULL,NULL
"7","820-0033","福岡県",,"飯塚市徳前",NULL,NULL
"8","814-0002","福岡県",,"福岡市早良区西新",NULL,NULL
"9","819-0383","福岡県",,"福岡市西区田尻",NULL,NULL
"10","811-4188",NULL,NULL,NULL,NULL,NULL
"11","819-0161","福岡県",,"福岡市西区今宿東",NULL,NULL
"12","830-0052","福岡県",,"久留米市上津町",NULL,NULL
"13","803-0802","福岡県",,"北九州市小倉北区東港",NULL,NULL
"14","815-0041","福岡県",,"福岡市南区野間",NULL,NULL
"15","861-8019","熊本県",,"熊本市東区下南部",NULL,NULL
"16","866-0895","熊本県",,"八代市大村町",NULL,NULL
"17","862-0962","熊本県",,"熊本市南区田迎",NULL,NULL
"18","802-0015","福岡県",,"北九州市小倉北区大田町",NULL,NULL
"19","899-0205","鹿児島県",,"出水市本町",NULL,NULL
"20","890-0042","鹿児島県",,"鹿児島市薬師",NULL,NULL
"21","802-0001","福岡県",,"北九州市小倉北区浅野",NULL,NULL
"22","832-0063","福岡県",,"柳川市茂庵町",NULL,NULL
"23","803-017",NULL,NULL,NULL,NULL,NULL
"24","824-0121","福岡県",,"京都郡みやこ町豊津",NULL,NULL
"25","803-0815","福岡県",,"北九州市小倉北区原町",NULL,NULL
"26","802-0841","福岡県",,"北九州市小倉南区北方",NULL,NULL
"27","851-0134","長崎県",,"長崎市田中町",NULL,NULL
"28","672-8022","兵庫県",,"姫路市白浜町宇佐崎南",NULL,NULL
"29","849-1311","佐賀県",,"鹿島市高津原",NULL,NULL
"30","839-1401","福岡県",,"うきは市浮羽町朝田",NULL,NULL
"31","839-1312","福岡県",,"うきは市吉井町清瀬",NULL,NULL
"32","870-0901","大分県",,"大分市西新地",NULL,NULL
"33","812-0011","福岡県",,"福岡市博多区博多駅前",NULL,NULL
"34","890-0034","鹿児島県",,"鹿児島市田上",NULL,NULL
"35","161-0032","東京都",,"新宿区中落合",NULL,NULL
"36","890-0023","鹿児島県",,"鹿児島市永吉",NULL,NULL
"37","862-0959","熊本県",,"熊本市中央区白山",NULL,NULL
"38","861-2236","熊本県",,"上益城郡益城町広崎",NULL,NULL
"39","838-0062","福岡県",,"朝倉市堤",NULL,NULL
"40","891-0123","鹿児島県",,"鹿児島市卸本町",NULL,NULL
"41","802-0031","福岡県",,"北九州市小倉北区赤坂海岸",NULL,NULL
"42","861-5262","熊本県",,"熊本市南区浜口町",NULL,NULL
"43","895-2512","鹿児島県",,"伊佐市大口元町",NULL,NULL
"44","805-0061","福岡県",,"北九州市八幡東区西本町",NULL,NULL
"45","890-0064","鹿児島県",,"鹿児島市鴨池新町",NULL,NULL
"46","849-8799",NULL,NULL,NULL,NULL,NULL
"47","811-2244","福岡県",,"糟屋郡志免町志免中央",NULL,NULL
"48","860-0013","熊本県",,"熊本市中央区通町",NULL,NULL
"49","880-0874","宮崎県",,"宮崎市昭和町",NULL,NULL
"50","863-1901","熊本県",,"天草市牛深町",NULL,NULL
"51","819-0005","福岡県",,"福岡市西区内浜",NULL,NULL
"52","110-8503",NULL,NULL,NULL,NULL,NULL
"53","812-0064","福岡県",,"福岡市東区松田",NULL,NULL
"54","851-0136","長崎県",,"長崎市平間町",NULL,NULL
"55","802-0051","福岡県",,"北九州市小倉北区黒原",NULL,NULL
"56","811-1312","福岡県",,"福岡市南区横手南町",NULL,NULL
"57","850-0834","長崎県",,"長崎市上小島",NULL,NULL
"58","807-0054","福岡県",,"遠賀郡水巻町二東",NULL,NULL
"59","751-0809","山口県",,"下関市一の宮東町",NULL,NULL
"60","162-8620",NULL,NULL,NULL,NULL,NULL
"61","857-0043","長崎県",,"佐世保市天満町",NULL,NULL
"62","822-0152","福岡県",,"宮若市沼口",NULL,NULL
"63","856-0831","長崎県",,"大村市東本町",NULL,NULL
"64","840-0850","佐賀県",,"佐賀市新栄東",NULL,NULL
"65","896-0014","鹿児島県",,"いちき串木野市元町",NULL,NULL
"66","815-0071","福岡県",,"福岡市南区平和",NULL,NULL
"67","800-0114","福岡県",,"北九州市門司区吉志",NULL,NULL
"68","812-0893","福岡県",,"福岡市博多区那珂",NULL,NULL
"69","805-0019","福岡県",,"北九州市八幡東区中央",NULL,NULL
"70","428-0006","静岡県",,"島田市牛尾",NULL,NULL
"71","880-8513",NULL,NULL,NULL,NULL,NULL
"72","822-0034","福岡県",,"直方市山部",NULL,NULL
"73","812-0039","福岡県",,"福岡市博多区冷泉町",NULL,NULL
"74","830-0023","福岡県",,"久留米市中央町",NULL,NULL
"75","810-0001","福岡県",,"福岡市中央区天神",NULL,NULL
"76","859-5112","長崎県",,"平戸市宮の町",NULL,NULL
"77","899-5652","鹿児島県",,"姶良市平松",NULL,NULL
"78","877-0077","大分県",,"日田市南友田町",NULL,NULL
"79","866-0882","熊本県",,"八代市松江本町",NULL,NULL
"80","847-0022","佐賀県",,"唐津市鏡",NULL,NULL
"81","812-0063","福岡県",,"福岡市東区原田",NULL,NULL
"82","803-0845","福岡県",,"北九州市小倉北区上到津",NULL,NULL
"83","804-0011","福岡県",,"北九州市戸畑区中原西",NULL,NULL
"84","860-0012","熊本県",,"熊本市中央区紺屋今町",NULL,NULL
"85","803-0816","福岡県",,"北九州市小倉北区金田",NULL,NULL
"86","890-0036","鹿児島県",,"鹿児島市田上台",NULL,NULL
"87","874-0022","大分県",,"別府市亀川東町",NULL,NULL
"88","819-0123",NULL,NULL,NULL,NULL,NULL
"89","866-0884","熊本県",,"八代市松崎町",NULL,NULL
"90","802-0044","福岡県",,"北九州市小倉北区熊本",NULL,NULL
"91","370-0001","群馬県",,"高崎市中尾町",NULL,NULL
"92","825-0016","福岡県",,"田川市新町",NULL,NULL
"93","811-1321","福岡県",,"福岡市南区柳瀬",NULL,NULL
"94","816-0904","福岡県",,"大野城市大池",NULL,NULL
"95","862-0971","熊本県",,"熊本市中央区大江",NULL,NULL
"96","860-0823","熊本県",,"熊本市中央区世安町",NULL,NULL
"97","824-0034","福岡県",,"行橋市泉中央",NULL,NULL
"98","890-0073","鹿児島県",,"鹿児島市宇宿",NULL,NULL
"99","851-2102","長崎県",,"西彼杵郡時津町浜田郷",NULL,NULL
"100","869-4201","熊本県",,"八代市鏡町鏡村",NULL,NULL
"101","807-0874","福岡県",,"北九州市八幡西区大浦",NULL,NULL
"102","849-0926","佐賀県",,"佐賀市若宮",NULL,NULL
"103","870-1151","大分県",,"大分市市",NULL,NULL
"104","870-0155","大分県",,"大分市高城南町",NULL,NULL
"105","865-0064","熊本県",,"玉名市中",NULL,NULL
"106","811-1313","福岡県",,"福岡市南区曰佐",NULL,NULL
"107","806-0022","福岡県",,"北九州市八幡西区藤田",NULL,NULL
"108","804-0062","福岡県",,"北九州市戸畑区浅生",NULL,NULL
"109","811-4184","福岡県",,"宗像市くりえいと",NULL,NULL
"110","857-0042","長崎県",,"佐世保市高砂町",NULL,NULL
"111","850-0937","長崎県",,"長崎市小曽根町",NULL,NULL
"112","812-0013","福岡県",,"福岡市博多区博多駅東",NULL,NULL
"113","891-0115","鹿児島県",,"鹿児島市東開町",NULL,NULL
"114","870-0035","大分県",,"大分市中央町",NULL,NULL
"115","841-0048","佐賀県",,"鳥栖市藤木町",NULL,NULL
"116","859-2503","長崎県",,"南島原市口之津町丁",NULL,NULL
"117","856-8577",NULL,NULL,NULL,NULL,NULL
"118","813-0036","福岡県",,"福岡市東区若宮",NULL,NULL
"119","812-0017","福岡県",,"福岡市博多区美野島",NULL,NULL
"120","803-0814","福岡県",,"北九州市小倉北区大手町",NULL,NULL
"121","812-0021","福岡県",,"福岡市博多区築港本町",NULL,NULL
"122","882-1101","宮崎県",,"西臼杵郡高千穂町三田井",NULL,NULL
"123","812-0012","福岡県",,"福岡市博多区博多駅中央街",NULL,NULL
"124","869-0621","熊本県",,"宇城市小川町小川",NULL,NULL
"125","803-0811","福岡県",,"北九州市小倉北区大門",NULL,NULL
"126","891-1305","鹿児島県",,"鹿児島市宮之浦町",NULL,NULL
"127","885-0093","宮崎県",,"都城市志比田町",NULL,NULL
"128","814-0104","福岡県",,"福岡市城南区別府",NULL,NULL
"129","895-0076","鹿児島県",,"薩摩川内市大小路町",NULL,NULL
"130","895-0061","鹿児島県",,"薩摩川内市御陵下町",NULL,NULL
"131","807-0833","福岡県",,"北九州市八幡西区南鷹見町",NULL,NULL
"132","848-0021","佐賀県",,"伊万里市大坪町甲",NULL,NULL
"133","811-3416","福岡県",,"宗像市宮田",NULL,NULL
"134","869-1233","熊本県",,"菊池郡大津町大津",NULL,NULL
"135","861-3518","熊本県",,"上益城郡山都町浜町",NULL,NULL
"136","830-0037","福岡県",,"久留米市諏訪野町",NULL,NULL
"137","849-0916","佐賀県",,"佐賀市高木瀬町東高木",NULL,NULL
"138","759-3802","山口県",,"長門市三隅中",NULL,NULL
"139","813-0042","福岡県",,"福岡市東区舞松原",NULL,NULL
"140","892-0831","鹿児島県",,"鹿児島市船津町",NULL,NULL
"141","855-0031","長崎県",,"島原市前浜町",NULL,NULL
"142","860-0845","熊本県",,"熊本市中央区上通町",NULL,NULL
"143","861-4202","熊本県",,"熊本市南区城南町宮地",NULL,NULL
"144","830-0003","福岡県",,"久留米市東櫛原町",NULL,NULL
"145","802-0003","福岡県",,"北九州市小倉北区米町",NULL,NULL
"146","840-0023","佐賀県",,"佐賀市本庄町袋",NULL,NULL
"147","804-0094","福岡県",,"北九州市戸畑区天神",NULL,NULL
"148","812-0894","福岡県",,"福岡市博多区諸岡",NULL,NULL
"149","889-1406","宮崎県",,"児湯郡新富町新田",NULL,NULL
"150","819-0002","福岡県",,"福岡市西区姪の浜",NULL,NULL
"151","803-0273","福岡県",,"北九州市小倉南区長行東",NULL,NULL
"152","811-1344","福岡県",,"福岡市南区三宅",NULL,NULL
"153","850-0036","長崎県",,"長崎市五島町",NULL,NULL
"154","890-0045","鹿児島県",,"鹿児島市武",NULL,NULL
"155","892-0848","鹿児島県",,"鹿児島市平之町",NULL,NULL
"156","874-8501",NULL,NULL,NULL,NULL,NULL
"157","892-0871","鹿児島県",,"鹿児島市吉野町",NULL,NULL
"158","812-0033","福岡県",,"福岡市博多区大博町",NULL,NULL
"159","395-0804","長野県",,"飯田市鼎名古熊",NULL,NULL
"160","812-0014","福岡県",,"福岡市博多区比恵町",NULL,NULL
"161","880-0804","宮崎県",,"宮崎市宮田町",NULL,NULL
"162","802-0802","福岡県",,"北九州市小倉南区城野",NULL,NULL
"163","836-0896","福岡県",,"大牟田市天道町",NULL,NULL
"164","849-0928","佐賀県",,"佐賀市若楠",NULL,NULL
"165","861-1331","熊本県",,"菊池市隈府",NULL,NULL
"166","105-0014","東京都",,"港区芝",NULL,NULL
"167","891-0122","鹿児島県",,"鹿児島市南栄",NULL,NULL
"168","811-4173","福岡県",,"宗像市栄町",NULL,NULL
"169","578-0921","大阪府",,"東大阪市水走",NULL,NULL
"170","857-0863","長崎県",,"佐世保市三浦町",NULL,NULL
"171","880-0943","宮崎県",,"宮崎市生目台西",NULL,NULL
"172","810-0063","福岡県",,"福岡市中央区唐人町",NULL,NULL
"173","869-0303","熊本県",,"玉名郡玉東町木葉",NULL,NULL
"174","839-8508",NULL,NULL,NULL,NULL,NULL
"175","883-0064","宮崎県",,"日向市日知屋古田町",NULL,NULL
"176","892-0855","鹿児島県",,"鹿児島市冷水町",NULL,NULL
"177","732-8505",NULL,NULL,NULL,NULL,NULL
"178","859-3213","長崎県",,"佐世保市権常寺町",NULL,NULL
"179","862-0924","熊本県",,"熊本市東区帯山",NULL,NULL
"180","819-0007","福岡県",,"福岡市西区愛宕南",NULL,NULL
"181","891-0116","鹿児島県",,"鹿児島市上福元町",NULL,NULL
"182","672-0822",NULL,NULL,NULL,NULL,NULL
"183","869-5441","熊本県",,"葦北郡芦北町佐敷",NULL,NULL
"184","880-0022","宮崎県",,"宮崎市大橋",NULL,NULL
"185","847-0821","佐賀県",,"唐津市町田",NULL,NULL
"186","850-0046","長崎県",,"長崎市幸町",NULL,NULL
"187","840-0823","佐賀県",,"佐賀市柳町",NULL,NULL
"188","811-0100","福岡県",,"糟屋郡新宮町",NULL,NULL
"189","891-0405","鹿児島県",,"指宿市湊",NULL,NULL
"190","862-0969","熊本県",,"熊本市南区良町",NULL,NULL
"191","500-8833","岐阜県",,"岐阜市神田町",NULL,NULL
"192","893-0013","鹿児島県",,"鹿屋市札元",NULL,NULL
"193","811-3214","福岡県",,"福津市花見が丘",NULL,NULL
"194","758-0061","山口県",,"萩市椿",NULL,NULL
"195","849-0924","佐賀県",,"佐賀市新中町",NULL,NULL
"196","803-0835","福岡県",,"北九州市小倉北区井堀",NULL,NULL
"197","880-0916","宮崎県",,"宮崎市恒久",NULL,NULL
"198","850-0057","長崎県",,"長崎市大黒町",NULL,NULL
"199","854-0036","長崎県",,"諫早市長野町",NULL,NULL
"200","862-0968","熊本県",,"熊本市南区馬渡",NULL,NULL
"201","854-0065","長崎県",,"諫早市津久葉町",NULL,NULL
"202","811-4146","福岡県",,"宗像市赤間",NULL,NULL
"203","811-4198",NULL,NULL,NULL,NULL,NULL
"204","861-4101","熊本県",,"熊本市南区近見",NULL,NULL
"205","811-2502","福岡県",,"糟屋郡久山町山田",NULL,NULL
"206","811-0027",NULL,NULL,NULL,NULL,NULL
"207","870-0832","大分県",,"大分市上野町",NULL,NULL
"208","963-0547","福島県",,"郡山市喜久田町卸",NULL,NULL
"209","812-0888","福岡県",,"福岡市博多区板付",NULL,NULL
"210","809-0033","福岡県",,"中間市土手ノ内",NULL,NULL
"211","804-0054","福岡県",,"北九州市戸畑区牧山新町",NULL,NULL
"212","870-0831","大分県",,"大分市要町",NULL,NULL
"213","882-0856","宮崎県",,"延岡市出北",NULL,NULL
"214","828-0025","福岡県",,"豊前市恒富",NULL,NULL
"215","885-0055","宮崎県",,"都城市早鈴町",NULL,NULL
"216","231-0021","神奈川県",,"横浜市中区日本大通",NULL,NULL
"217","811-4157","福岡県",,"宗像市アスティ",NULL,NULL
"218","810-0041","福岡県",,"福岡市中央区大名",NULL,NULL
"219","811-4192",NULL,NULL,NULL,NULL,NULL
"220","800-0037","福岡県",,"北九州市門司区原町別院",NULL,NULL
"221","892-0835","鹿児島県",,"鹿児島市城南町",NULL,NULL
"222","856-8677",NULL,NULL,NULL,NULL,NULL
"223","803-8580",NULL,NULL,NULL,NULL,NULL
"224","870-0161","大分県",,"大分市明野東",NULL,NULL
"225","880-0803","宮崎県",,"宮崎市旭",NULL,NULL
"226","875-0211","大分県",,"臼杵市野津町都原",NULL,NULL
"227","811-3304","福岡県",,"福津市津屋崎",NULL,NULL
"228","825-0003","福岡県",,"田川市白鳥町",NULL,NULL
"229","878-0202","大分県",,"竹田市久住町有氏",NULL,NULL
"230","854-0022","長崎県",,"諫早市幸町",NULL,NULL
"231","886-0004","宮崎県",,"小林市細野",NULL,NULL
"232","496-0924","愛知県",,"愛西市善太新田町",NULL,NULL
"233","811-1111","福岡県",,"福岡市早良区脇山",NULL,NULL
"234","800-0351","福岡県",,"京都郡苅田町京町",NULL,NULL
"235","834-0115","福岡県",,"八女郡広川町新代",NULL,NULL
"236","870-8799",NULL,NULL,NULL,NULL,NULL
"237","879-5515","大分県",,"由布市挾間町三船",NULL,NULL
"238","803-0826","福岡県",,"北九州市小倉北区高峰町",NULL,NULL
"239","812-0023","福岡県",,"福岡市博多区奈良屋町",NULL,NULL
"240","805-0071","福岡県",,"北九州市八幡東区東田",NULL,NULL
"241","830-8688",NULL,NULL,NULL,NULL,NULL
"242","848-0031","佐賀県",,"伊万里市二里町八谷搦",NULL,NULL
"243","775-0004","徳島県",,"海部郡牟岐町川長",NULL,NULL
"244","862‐0912",NULL,NULL,NULL,NULL,NULL
"245","810-0072","福岡県",,"福岡市中央区長浜",NULL,NULL
"246","812－0063",NULL,NULL,NULL,NULL,NULL
"247","819-1119","福岡県",,"糸島市前原東",NULL,NULL
"248","065-0024","北海道",,"札幌市東区北二十四条東",NULL,NULL
"249","740-0018","山口県",,"岩国市麻里布町",NULL,NULL
"250","892-0816","鹿児島県",,"鹿児島市山下町",NULL,NULL
"251","811-1346","福岡県",,"福岡市南区老司",NULL,NULL
"252","816－0964",NULL,NULL,NULL,NULL,NULL
"253","802－0045",NULL,NULL,NULL,NULL,NULL
"254","803－0861",NULL,NULL,NULL,NULL,NULL
"255","816-0079",NULL,NULL,NULL,NULL,NULL
"256","856-0817","長崎県",,"大村市古賀島町",NULL,NULL
"257","897-1123","鹿児島県",,"南さつま市加世田高橋",NULL,NULL
"258","838-0068","福岡県",,"朝倉市甘木",NULL,NULL
"259","578-0957","大阪府",,"東大阪市本庄中",NULL,NULL
"260","836-0021","福岡県",,"大牟田市浜町",NULL,NULL
"261","807-0813","福岡県",,"北九州市八幡西区夕原町",NULL,NULL
"262","812-0046","福岡県",,"福岡市博多区吉塚本町",NULL,NULL
"263","802－0031",NULL,NULL,NULL,NULL,NULL
"264","891-1231","鹿児島県",,"鹿児島市小山田町",NULL,NULL
"265","901-0225","沖縄県",,"豊見城市豊崎",NULL,NULL
"266","815－0031",NULL,NULL,NULL,NULL,NULL
"267","861-1113","熊本県",,"合志市栄",NULL,NULL
"268","858-0843",NULL,NULL,NULL,NULL,NULL
"269","825－0002",NULL,NULL,NULL,NULL,NULL
"270","820-0003","福岡県",,"飯塚市立岩",NULL,NULL
"271","881-0034","宮崎県",,"西都市妻町",NULL,NULL
"272","814-0031","福岡県",,"福岡市早良区南庄",NULL,NULL
"273","811-1361","福岡県",,"福岡市南区西長住",NULL,NULL
"274","101-0031","東京都",,"千代田区東神田",NULL,NULL
"275","790-0036","愛媛県",,"松山市小栗",NULL,NULL
"276","759－3802",NULL,NULL,NULL,NULL,NULL
"277","890-0033","鹿児島県",,"鹿児島市西別府町",NULL,NULL
"278","825－0003",NULL,NULL,NULL,NULL,NULL
"279","812-0016","福岡県",,"福岡市博多区博多駅南",NULL,NULL
"280","847-1441","佐賀県",,"東松浦郡玄海町今村",NULL,NULL
"281","819-0162","福岡県",,"福岡市西区今宿青木",NULL,NULL
"282","830-1102","福岡県",,"久留米市北野町八重亀",NULL,NULL
"283","805-0017","福岡県",,"北九州市八幡東区山王",NULL,NULL
"284","862-0967","熊本県",,"熊本市南区流通団地",NULL,NULL
"285","824-0031","福岡県",,"行橋市西宮市",NULL,NULL
"286","822－0015",NULL,NULL,NULL,NULL,NULL
"287","860-0077","熊本県",,"熊本市中央区内坪井町",NULL,NULL
"288","843-8686",NULL,NULL,NULL,NULL,NULL
"289","860-0863","熊本県",,"熊本市中央区坪井",NULL,NULL
"290","869-2612","熊本県",,"阿蘇市一の宮町宮地",NULL,NULL
"291","850-8678",NULL,NULL,NULL,NULL,NULL
"292","847-8601",NULL,NULL,NULL,NULL,NULL
"293","859-0401","長崎県",,"諫早市多良見町化屋",NULL,NULL
"294","851-1133","長崎県",,"長崎市小江町",NULL,NULL
"295","822-0017","福岡県",,"直方市殿町",NULL,NULL
"296","824-0006","福岡県",,"行橋市門樋町",NULL,NULL
"297","830-1224","福岡県",,"三井郡大刀洗町鵜木",NULL,NULL
"298","862-0911","熊本県",,"熊本市東区健軍",NULL,NULL
"299","857-8611",NULL,NULL,NULL,NULL,NULL
"300","751－0822",NULL,NULL,NULL,NULL,NULL
"301","803－0273",NULL,NULL,NULL,NULL,NULL
"302","869-1102","熊本県",,"菊池郡菊陽町原水",NULL,NULL
"303","824－0231",NULL,NULL,NULL,NULL,NULL
"304","800－0002",NULL,NULL,NULL,NULL,NULL
"305","810-0053","福岡県",,"福岡市中央区鳥飼",NULL,NULL
"306","871－0024",NULL,NULL,NULL,NULL,NULL
"307","844-0018","佐賀県",,"西松浦郡有田町本町",NULL,NULL
"308","812-0892","福岡県",,"福岡市博多区東那珂",NULL,NULL
"309","861-4106","熊本県",,"熊本市南区南高江",NULL,NULL
"310","803-0851","福岡県",,"北九州市小倉北区木町",NULL,NULL
"311","841-0025","佐賀県",,"鳥栖市曽根崎町",NULL,NULL
"312","808-8606",NULL,NULL,NULL,NULL,NULL
"313","818-0051",NULL,NULL,NULL,NULL,NULL
"314","810－0016",NULL,NULL,NULL,NULL,NULL
"315","852-8134","長崎県",,"長崎市大橋町",NULL,NULL
"316","848-0047","佐賀県",,"伊万里市伊万里町甲",NULL,NULL
"317","852-8111","長崎県",,"長崎市高尾町",NULL,NULL
"318","870-0021","大分県",,"大分市府内町",NULL,NULL
"319","811－2312",NULL,NULL,NULL,NULL,NULL
"320","802-0063","福岡県",,"北九州市小倉北区若富士町",NULL,NULL
"321","810-0005","福岡県",,"福岡市中央区清川",NULL,NULL
"322","819－0373",NULL,NULL,NULL,NULL,NULL
"323","223-0008",NULL,NULL,NULL,NULL,NULL
"324","862-0963","熊本県",,"熊本市南区出仲間",NULL,NULL
"325","861-5598",NULL,NULL,NULL,NULL,NULL
"326","193-0942","東京都",,"八王子市椚田町",NULL,NULL
"327","870-0876","大分県",,"大分市庄の原",NULL,NULL
"328","870-0907","大分県",,"大分市大津町",NULL,NULL
"329","857-1162","長崎県",,"佐世保市卸本町",NULL,NULL
"330","800－0114",NULL,NULL,NULL,NULL,NULL
"331","813-8503",NULL,NULL,NULL,NULL,NULL
"332","813-0043","福岡県",,"福岡市東区名島",NULL,NULL
"333","870－8688",NULL,NULL,NULL,NULL,NULL
"334","869-0502","熊本県",,"宇城市松橋町松橋",NULL,NULL
"335","803-0846","福岡県",,"北九州市小倉北区下到津",NULL,NULL
"336","861-4109","熊本県",,"熊本市南区日吉",NULL,NULL
"337","770-8011","徳島県",,"徳島市論田町",NULL,NULL
"338","803－0817",NULL,NULL,NULL,NULL,NULL
"339","860-0842","熊本県",,"熊本市中央区南千反畑町",NULL,NULL
"340","889-0613","宮崎県",,"東臼杵郡門川町本町",NULL,NULL
"341","880-0841","宮崎県",,"宮崎市吉村町",NULL,NULL
"342","870－0831",NULL,NULL,NULL,NULL,NULL
"343","811-2304","福岡県",,"糟屋郡粕屋町仲原",NULL,NULL
"344","862-0949","熊本県",,"熊本市中央区国府",NULL,NULL
"345","841-0033","佐賀県",,"鳥栖市本通町",NULL,NULL
"346","880-0001","宮崎県",,"宮崎市橘通西",NULL,NULL
"347","802－0077",NULL,NULL,NULL,NULL,NULL
"348","802-8799",NULL,NULL,NULL,NULL,NULL
"349","814－0022",NULL,NULL,NULL,NULL,NULL
"350","860-004",NULL,NULL,NULL,NULL,NULL
"351","814－0161",NULL,NULL,NULL,NULL,NULL
"352","900-0015","沖縄県",,"那覇市久茂地",NULL,NULL
"353","869-0532","熊本県",,"宇城市松橋町久具",NULL,NULL
"354","881-0015","宮崎県",,"西都市聖陵町",NULL,NULL
"355","802－0972",NULL,NULL,NULL,NULL,NULL
"356","802－0841",NULL,NULL,NULL,NULL,NULL
"357","879-4403","大分県",,"玖珠郡玖珠町帆足",NULL,NULL
"358","818－0072",NULL,NULL,NULL,NULL,NULL
"359","834-0031","福岡県",,"八女市本町",NULL,NULL
"360","816-0844","福岡県",,"春日市上白水",NULL,NULL
"361","808－0021",NULL,NULL,NULL,NULL,NULL
"362","868-0072","熊本県",,"人吉市西間下町",NULL,NULL
"363","811－1344",NULL,NULL,NULL,NULL,NULL
"364","847-0042","佐賀県",,"唐津市魚屋町",NULL,NULL
"365","812－0894",NULL,NULL,NULL,NULL,NULL
"366","869-3602","熊本県",,"上天草市大矢野町上",NULL,NULL
"367","860-8523",NULL,NULL,NULL,NULL,NULL
"368","850-0918","長崎県",,"長崎市大浦町",NULL,NULL
"369","803－0802",NULL,NULL,NULL,NULL,NULL
"370","801-0863","福岡県",,"北九州市門司区栄町",NULL,NULL
"371","862-8019",NULL,NULL,NULL,NULL,NULL
"372","830－0052",NULL,NULL,NULL,NULL,NULL
"373","811-1362","福岡県",,"福岡市南区長住",NULL,NULL
"374","860-0806","熊本県",,"熊本市中央区花畑町",NULL,NULL
"375","810-0023","福岡県",,"福岡市中央区警固",NULL,NULL
"376","811-3301","福岡県",,"福津市在自",NULL,NULL
"377","849-0932","佐賀県",,"佐賀市鍋島町八戸溝",NULL,NULL
"378","804-0084","福岡県",,"北九州市戸畑区幸町",NULL,NULL
"379","869-2611","熊本県",,"阿蘇市一の宮町坂梨",NULL,NULL
"380","899-4332","鹿児島県",,"霧島市国分中央",NULL,NULL
"381","758－0061",NULL,NULL,NULL,NULL,NULL
"382","8491112","佐賀県",,"杵島郡白石町福田",NULL,NULL
"383","805-0007","福岡県",,"北九州市八幡東区白川町",NULL,NULL
"384","214-0034","神奈川県",,"川崎市多摩区三田",NULL,NULL
"385","8250002","福岡県",,"田川市伊田",NULL,NULL
"386","763-0055","香川県",,"丸亀市新田町",NULL,NULL
"387","8180084","福岡県",,"筑紫野市針摺西",NULL,NULL
"388","904-2172","沖縄県",,"沖縄市泡瀬",NULL,NULL
"389","820-8555",NULL,NULL,NULL,NULL,NULL
"390","812-8555",NULL,NULL,NULL,NULL,NULL
"391","870－0802",NULL,NULL,NULL,NULL,NULL
"392","860-0082","熊本県",,"熊本市北区池田",NULL,NULL
"393","811-3113","福岡県",,"古賀市千鳥",NULL,NULL
"394","804－0054",NULL,NULL,NULL,NULL,NULL
"395","862－0920",NULL,NULL,NULL,NULL,NULL
"396","833-0055","福岡県",,"筑後市熊野",NULL,NULL
"397","815-8510",NULL,NULL,NULL,NULL,NULL
"398","806－0058",NULL,NULL,NULL,NULL,NULL
"399","855-0045","長崎県",,"島原市上の町",NULL,NULL
"400","890-8501",NULL,NULL,NULL,NULL,NULL
"401","849-0923","佐賀県",,"佐賀市日の出",NULL,NULL
"402","480-0288",NULL,NULL,NULL,NULL,NULL
"403","812-0053","福岡県",,"福岡市東区箱崎",NULL,NULL
"404","160-0004","東京都",,"新宿区四谷",NULL,NULL
"405","850-0862","長崎県",,"長崎市出島町",NULL,NULL
"406","883-0045","宮崎県",,"日向市本町",NULL,NULL
"407","883-0052","宮崎県",,"日向市鶴町",NULL,NULL
"408","860-0068","熊本県",,"熊本市西区上代",NULL,NULL
"409","810-8650",NULL,NULL,NULL,NULL,NULL
"410","852-8153","長崎県",,"長崎市花丘町",NULL,NULL
"411","830-0062","福岡県",,"久留米市荒木町白口",NULL,NULL
"412","814-0022","福岡県",,"福岡市早良区原",NULL,NULL
"413","810-0071","福岡県",,"福岡市中央区那の津",NULL,NULL
"414","860-0004","熊本県",,"熊本市中央区新町",NULL,NULL
"415","806-0021","福岡県",,"北九州市八幡西区黒崎",NULL,NULL
"416","460-0007","愛知県",,"名古屋市中区新栄",NULL,NULL
"417","460－0007",NULL,NULL,NULL,NULL,NULL
"418","880-0903","宮崎県",,"宮崎市太田",NULL,NULL
"419","811-0121","福岡県",,"糟屋郡新宮町美咲",NULL,NULL
"420","802－0044",NULL,NULL,NULL,NULL,NULL
"421","870-0034","大分県",,"大分市都町",NULL,NULL
"422","816-0905","福岡県",,"大野城市川久保",NULL,NULL
"423","833-0041","福岡県",,"筑後市和泉",NULL,NULL
"424","820-0053","福岡県",,"飯塚市伊岐須",NULL,NULL
"425","811-1323","福岡県",,"福岡市南区弥永",NULL,NULL
"426","819-0006","福岡県",,"福岡市西区姪浜駅南",NULL,NULL
"427","812-0027","福岡県",,"福岡市博多区下川端町",NULL,NULL
"428","870-0846","大分県",,"大分市花園",NULL,NULL
"429","860-0805","熊本県",,"熊本市中央区桜町",NULL,NULL
"430","861-0501","熊本県",,"山鹿市山鹿",NULL,NULL
"431","808-0137","福岡県",,"北九州市若松区ひびきの南",NULL,NULL
"432","862-0975","熊本県",,"熊本市中央区新屋敷",NULL,NULL
"433","810-0052","福岡県",,"福岡市中央区大濠",NULL,NULL
"434","807-8586",NULL,NULL,NULL,NULL,NULL
"435","834-0006","福岡県",,"八女市吉田",NULL,NULL
"436","812-0028","福岡県",,"福岡市博多区須崎町",NULL,NULL
"437","874-0935","大分県",,"別府市駅前町",NULL,NULL
"438","502－0932",NULL,NULL,NULL,NULL,NULL
"439","803-0817","福岡県",,"北九州市小倉北区田町",NULL,NULL
"440","854-0004","長崎県",,"諫早市金谷町",NULL,NULL
"441","869-2301","熊本県",,"阿蘇市内牧",NULL,NULL
"442","806-0004","福岡県",,"北九州市八幡西区黒崎城石",NULL,NULL
"443","850-0852","長崎県",,"長崎市万屋町",NULL,NULL
"444","830－0023",NULL,NULL,NULL,NULL,NULL
"445","836-0047","福岡県",,"大牟田市大正町",NULL,NULL
"446","808-0111","福岡県",,"北九州市若松区柳崎町",NULL,NULL
"447","880-0031","宮崎県",,"宮崎市船塚",NULL,NULL
"448","870-1124","大分県",,"大分市旦野原",NULL,NULL
"449","８１０－０００１",NULL,NULL,NULL,NULL,NULL
"450","816-0921","福岡県",,"大野城市仲畑",NULL,NULL
"451","861-3106","熊本県",,"上益城郡嘉島町上島",NULL,NULL
"452","860-0862","熊本県",,"熊本市北区黒髪",NULL,NULL
"453","880-0015","宮崎県",,"宮崎市大工",NULL,NULL
"454","444-0113","愛知県",,"額田郡幸田町菱池",NULL,NULL
"455","816-0054",NULL,NULL,NULL,NULL,NULL
"456","144-0033","東京都",,"大田区東糀谷",NULL,NULL
"457","812-0022","福岡県",,"福岡市博多区神屋町",NULL,NULL
"458","809-0036","福岡県",,"中間市長津",NULL,NULL
"459","862-0950","熊本県",,"熊本市中央区水前寺",NULL,NULL
"460","815-0031","福岡県",,"福岡市南区清水",NULL,NULL
"461","871-0014","大分県",,"中津市一ツ松",NULL,NULL
"462","8712-0011",NULL,NULL,NULL,NULL,NULL
"463","850-0056","長崎県",,"長崎市恵美須町",NULL,NULL
"464","824-0003","福岡県",,"行橋市大橋",NULL,NULL
"465","885-0072","宮崎県",,"都城市上町",NULL,NULL
"466","802－0978",NULL,NULL,NULL,NULL,NULL
"467","803-0812","福岡県",,"北九州市小倉北区室町",NULL,NULL
"468","808-0047","福岡県",,"北九州市若松区中畑町",NULL,NULL
"469","113-0033","東京都",,"文京区本郷",NULL,NULL
"470","169-0072","東京都",,"新宿区大久保",NULL,NULL
"471","878-0024","大分県",,"竹田市玉来",NULL,NULL
"472","810-0004","福岡県",,"福岡市中央区渡辺通",NULL,NULL
"473","810-8581",NULL,NULL,NULL,NULL,NULL
"474","806-0058","福岡県",,"北九州市八幡西区鉄竜",NULL,NULL
"475","902‐0067",NULL,NULL,NULL,NULL,NULL
"476","863-0022","熊本県",,"天草市栄町",NULL,NULL
"477","837-0927","福岡県",,"大牟田市中白川町",NULL,NULL
"478","824-0231","福岡県",,"京都郡みやこ町犀川本庄",NULL,NULL
"479","866-0861","熊本県",,"八代市本町",NULL,NULL
"480","170-0003","東京都",,"豊島区駒込",NULL,NULL
"481","801-0862","福岡県",,"北九州市門司区錦町",NULL,NULL
"482","860-0047","熊本県",,"熊本市西区春日",NULL,NULL
"483","874-0916","大分県",,"別府市中須賀本町",NULL,NULL
"484","812-0015","福岡県",,"福岡市博多区山王",NULL,NULL
"485","816-0812","福岡県",,"春日市平田台",NULL,NULL
"486","824-0005","福岡県",,"行橋市中央",NULL,NULL
"487","830-0032","福岡県",,"久留米市東町",NULL,NULL
"488","839-1200",NULL,NULL,NULL,NULL,NULL
"489","819-1116","福岡県",,"糸島市前原中央",NULL,NULL
"490","879-0454","大分県",,"宇佐市法鏡寺",NULL,NULL
"491","882-0855","宮崎県",,"延岡市卸本町",NULL,NULL
"492","879-0624","大分県",,"豊後高田市本町",NULL,NULL
"493","861-8038","熊本県",,"熊本市東区長嶺東",NULL,NULL
"494","818-0061","福岡県",,"筑紫野市紫",NULL,NULL
"495","820-0001","福岡県",,"飯塚市鯰田",NULL,NULL
"496","890-0082","鹿児島県",,"鹿児島市紫原",NULL,NULL
"497","870-0822","大分県",,"大分市大道町",NULL,NULL
"498","879-7111","大分県",,"豊後大野市三重町赤嶺",NULL,NULL
"499","803-0843","福岡県",,"北九州市小倉北区金鶏町",NULL,NULL
"500","816-0964","福岡県",,"大野城市南ケ丘",NULL,NULL
"501","812-0051","福岡県",,"福岡市東区箱崎ふ頭",NULL,NULL
"502","870-8688",NULL,NULL,NULL,NULL,NULL
"503","811-1347","福岡県",,"福岡市南区野多目",NULL,NULL
"504","854-0081","長崎県",,"諫早市栄田町",NULL,NULL
"505","880-0805","宮崎県",,"宮崎市橘通東",NULL,NULL
"506","847-0875","佐賀県",,"唐津市西唐津",NULL,NULL
"507","801-0851","福岡県",,"北九州市門司区東本町",NULL,NULL
"508","802-0842","福岡県",,"北九州市小倉南区日の出町",NULL,NULL
"509","818-0072","福岡県",,"筑紫野市二日市中央",NULL,NULL
"510","860－0806",NULL,NULL,NULL,NULL,NULL
"511","815-0033","福岡県",,"福岡市南区大橋",NULL,NULL
"512","154-8525",NULL,NULL,NULL,NULL,NULL
"513","850-0058","長崎県",,"長崎市尾上町",NULL,NULL
"514","850-0841","長崎県",,"長崎市銅座町",NULL,NULL
"515","810-0073","福岡県",,"福岡市中央区舞鶴",NULL,NULL
"516","870-0011","大分県",,"大分市春日浦",NULL,NULL
"517","8700011","大分県",,"大分市春日浦",NULL,NULL
"518","560-0082","大阪府",,"豊中市新千里東町",NULL,NULL
"519","870-0036","大分県",,"大分市寿町",NULL,NULL
"520","831-0005","福岡県",,"大川市向島",NULL,NULL
"521","450-8533",NULL,NULL,NULL,NULL,NULL
"522","722-0052","広島県",,"尾道市山波町",NULL,NULL
"523","890-0081","鹿児島県",,"鹿児島市唐湊",NULL,NULL
"524","810-8693",NULL,NULL,NULL,NULL,NULL
"525","556-0022","大阪府",,"大阪市浪速区桜川",NULL,NULL
"526","8128613",NULL,NULL,NULL,NULL,NULL
"527","849-0901","佐賀県",,"佐賀市久保泉町川久保",NULL,NULL
"528","861-2212","熊本県",,"上益城郡益城町平田",NULL,NULL
"529","812-0031","福岡県",,"福岡市博多区沖浜町",NULL,NULL
"530","874-0901","大分県",,"別府市中島町",NULL,NULL
"531","802-0066","福岡県",,"北九州市小倉北区萩崎町",NULL,NULL
"532","830-0022","福岡県",,"久留米市城南町",NULL,NULL
"533","812-0026","福岡県",,"福岡市博多区上川端町",NULL,NULL
"534","860-0025","熊本県",,"熊本市中央区紺屋町",NULL,NULL
"535","807-0831","福岡県",,"北九州市八幡西区則松",NULL,NULL
"536","899-2501","鹿児島県",,"日置市伊集院町下谷口",NULL,NULL
"537","861-8028","熊本県",,"熊本市東区新南部",NULL,NULL
"538","805-0059","福岡県",,"北九州市八幡東区尾倉",NULL,NULL
"539","814-0144","福岡県",,"福岡市城南区梅林",NULL,NULL
"540","883-0062","宮崎県",,"日向市日知屋",NULL,NULL
"541","852-8104","長崎県",,"長崎市茂里町",NULL,NULL
"542","615-0057","京都府",,"京都市右京区西院東貝川町",NULL,NULL
"543","880-0002","宮崎県",,"宮崎市中央通",NULL,NULL
"544","830-0002","福岡県",,"久留米市高野",NULL,NULL
"545","852-8133","長崎県",,"長崎市本原町",NULL,NULL
"546","819-1195",NULL,NULL,NULL,NULL,NULL
"547","885-0025","宮崎県",,"都城市前田町",NULL,NULL
"548","812-0002","福岡県",,"福岡市博多区空港前",NULL,NULL
"549","８８０－０１２１",NULL,NULL,NULL,NULL,NULL
"550","861-3206","熊本県",,"上益城郡御船町辺田見",NULL,NULL
"551","862-8680",NULL,NULL,NULL,NULL,NULL
"552","818-0025","福岡県",,"筑紫野市筑紫",NULL,NULL
"553","860-0016","熊本県",,"熊本市中央区山崎町",NULL,NULL
"554","816-0088",NULL,NULL,NULL,NULL,NULL
"555","８７０－００２１",NULL,NULL,NULL,NULL,NULL
"556","812-0018","福岡県",,"福岡市博多区住吉",NULL,NULL
"557","554-0052","大阪府",,"大阪市此花区常吉",NULL,NULL
"558","857-1164","長崎県",,"佐世保市白岳町",NULL,NULL
"559","876-0833","大分県",,"佐伯市池船町",NULL,NULL
"560","892-0833","鹿児島県",,"鹿児島市松原町",NULL,NULL
"561","839-1233","福岡県",,"久留米市田主丸町田主丸",NULL,NULL
"562","849-0937","佐賀県",,"佐賀市鍋島",NULL,NULL
"563","811-3205","福岡県",,"福津市内殿",NULL,NULL
"564","880-0044","宮崎県",,"宮崎市瓜生野",NULL,NULL
"565","871-0024","大分県",,"中津市中央町",NULL,NULL
"566","751-0817","山口県",,"下関市一の宮卸本町",NULL,NULL
"567","848-0027","佐賀県",,"伊万里市立花町",NULL,NULL
"568","812-0008","福岡県",,"福岡市博多区東光",NULL,NULL
"569","818-0197",NULL,NULL,NULL,NULL,NULL
"570","841-0083","佐賀県",,"鳥栖市古賀町",NULL,NULL
"571","611-0041","京都府",,"宇治市槇島町",NULL,NULL
"572","830-0063","福岡県",,"久留米市荒木町荒木",NULL,NULL
"573","812-0045","福岡県",,"福岡市博多区東公園",NULL,NULL
"574","884-0001","宮崎県",,"児湯郡高鍋町高鍋町",NULL,NULL
"575","880-0121","宮崎県",,"宮崎市島之内",NULL,NULL
"576","812-0004","福岡県",,"福岡市博多区榎田",NULL,NULL
"577","879-5498",NULL,NULL,NULL,NULL,NULL
"578","878-0025","大分県",,"竹田市拝田原",NULL,NULL
"579","747-0012","山口県",,"防府市牟礼今宿",NULL,NULL
"580","812-0025","福岡県",,"福岡市博多区店屋町",NULL,NULL
"581","890-0056","鹿児島県",,"鹿児島市下荒田",NULL,NULL
"582","581-0863","大阪府",,"八尾市大窪",NULL,NULL
"583","812-8552",NULL,NULL,NULL,NULL,NULL
"584","880-8535",NULL,NULL,NULL,NULL,NULL
"585","061-1149",NULL,NULL,NULL,NULL,NULL
"586","880-0301","宮崎県",,"宮崎市佐土原町上田島",NULL,NULL
"587","833-0005","福岡県",,"筑後市長浜",NULL,NULL
"588","812-0885","福岡県",,"福岡市博多区相生町",NULL,NULL
"589","869-1404","熊本県",,"阿蘇郡南阿蘇村河陽",NULL,NULL
"590","849-1112","佐賀県",,"杵島郡白石町福田",NULL,NULL
"591","836-0844","福岡県",,"大牟田市浄真町",NULL,NULL
"592","811-1302","福岡県",,"福岡市南区井尻",NULL,NULL
"593","751-0827","山口県",,"下関市幡生本町",NULL,NULL
"594","833-0032","福岡県",,"筑後市野町",NULL,NULL
"595","860-8081",NULL,NULL,NULL,NULL,NULL
"596","852-8008","長崎県",,"長崎市曙町",NULL,NULL
"597","879-2433","大分県",,"津久見市中田町",NULL,NULL
"598","890-0005","鹿児島県",,"鹿児島市下伊敷",NULL,NULL
"599","869-2401","熊本県",,"阿蘇郡南小国町赤馬場",NULL,NULL
"600","816-0094",NULL,NULL,NULL,NULL,NULL
"601","802-0077","福岡県",,"北九州市小倉北区馬借",NULL,NULL
"602","851-2108","長崎県",,"西彼杵郡時津町日並郷",NULL,NULL
"603","103-8001",NULL,NULL,NULL,NULL,NULL
"604","865-0025","熊本県",,"玉名市高瀬",NULL,NULL
"605","885-0112","宮崎県",,"都城市乙房町",NULL,NULL
"606","878-0012","大分県",,"竹田市竹田町",NULL,NULL
"607","861-2403","熊本県",,"阿蘇郡西原村布田",NULL,NULL
"608","〒899-4332",NULL,NULL,NULL,NULL,NULL
"609","0311",NULL,NULL,NULL,NULL,NULL
"610","739-1805","広島県",,"安芸高田市高宮町原田",NULL,NULL
"611","831-0016","福岡県",,"大川市酒見",NULL,NULL
"612","753-0079","山口県",,"山口市糸米",NULL,NULL
"613","818-0117","福岡県",,"太宰府市宰府",NULL,NULL
"614","818-0004","福岡県",,"筑紫野市吉木",NULL,NULL
"615","810-0033","福岡県",,"福岡市中央区小笹",NULL,NULL
"616","180-8519",NULL,NULL,NULL,NULL,NULL
"617","818-0041","福岡県",,"筑紫野市上古賀",NULL,NULL
"618","880-0032","宮崎県",,"宮崎市霧島",NULL,NULL
"619","819-0203","福岡県",,"福岡市西区小田",NULL,NULL
"620","802-0978","福岡県",,"北九州市小倉南区蒲生",NULL,NULL
"621","838-0226","福岡県",,"朝倉郡筑前町中牟田",NULL,NULL
"622","800-0222","福岡県",,"北九州市小倉南区中曽根",NULL,NULL
"623","801-9863",NULL,NULL,NULL,NULL,NULL
"624","812-0052","福岡県",,"福岡市東区貝塚団地",NULL,NULL
"625","754-0002","山口県",,"山口市小郡下郷",NULL,NULL
"626","898-0022","鹿児島県",,"枕崎市宮田町",NULL,NULL
"627","862-0954","熊本県",,"熊本市中央区神水",NULL,NULL
"628","834-0005","福岡県",,"八女市大島",NULL,NULL
"629","135-0063","東京都",,"江東区有明",NULL,NULL
"630","867-0011","熊本県",,"水俣市陣内",NULL,NULL
"631","870-0852","大分県",,"大分市田中町",NULL,NULL
"632","873-0644","大分県",,"国東市国東町浜崎",NULL,NULL
"633","892-0822","鹿児島県",,"鹿児島市泉町",NULL,NULL
"634","812-0871","福岡県",,"福岡市博多区東雲町",NULL,NULL
"635","814-0035","福岡県",,"福岡市早良区室住団地",NULL,NULL
"636","869-0425","熊本県",,"宇土市栗崎町",NULL,NULL
"637","856-0863",NULL,NULL,NULL,NULL,NULL
"638","856-0828","長崎県",,"大村市杭出津",NULL,NULL
"639","8380062","福岡県",,"朝倉市堤",NULL,NULL
"640","814-0161","福岡県",,"福岡市早良区飯倉",NULL,NULL
"641","890-0062","鹿児島県",,"鹿児島市与次郎",NULL,NULL
"642","879-0623","大分県",,"豊後高田市金谷町",NULL,NULL
"643","860-0085","熊本県",,"熊本市北区高平",NULL,NULL
"644","802-0021","福岡県",,"北九州市小倉北区高浜",NULL,NULL
"645","869-1236","熊本県",,"菊池郡大津町杉水",NULL,NULL
"646","836-0831","福岡県",,"大牟田市泉町",NULL,NULL
"647","824-0001","福岡県",,"行橋市行事",NULL,NULL
"648","169-0073","東京都",,"新宿区百人町",NULL,NULL
"649","818-0071","福岡県",,"筑紫野市二日市西",NULL,NULL
"650","812-0042","福岡県",,"福岡市博多区豊",NULL,NULL
"651","816-0008",NULL,NULL,NULL,NULL,NULL
"652","802-0045","福岡県",,"北九州市小倉北区神岳",NULL,NULL
"653","811-3193",NULL,NULL,NULL,NULL,NULL
"654","800-0306","福岡県",,"北九州市小倉南区空港北町",NULL,NULL
"655","309-1616","茨城県",,"笠間市赤坂",NULL,NULL
"656","812-0061","福岡県",,"福岡市東区筥松",NULL,NULL
"657","690-0006","島根県",,"松江市伊勢宮町",NULL,NULL
"658","840-0202","佐賀県",,"佐賀市大和町久池井",NULL,NULL
"659","836-0853","福岡県",,"大牟田市上町",NULL,NULL
"660","840-0805","佐賀県",,"佐賀市神野西",NULL,NULL
"661","243-0018","神奈川県",,"厚木市中町",NULL,NULL
"662","802-0004","福岡県",,"北九州市小倉北区鍛冶町",NULL,NULL
"663","812-0041","福岡県",,"福岡市博多区吉塚",NULL,NULL
"664","880-0878","宮崎県",,"宮崎市大和町",NULL,NULL
"665","601-8121","京都府",,"京都市南区上鳥羽大物町",NULL,NULL
"666","885-0223","宮崎県",,"都城市吉之元町",NULL,NULL
"667","811-0112","福岡県",,"糟屋郡新宮町下府",NULL,NULL
"668","885-0019","宮崎県",,"都城市祝吉",NULL,NULL
"669","860-0015","熊本県",,"熊本市中央区古川町",NULL,NULL
"670","868-0024","熊本県",,"人吉市鶴田町",NULL,NULL
"671","860-0059","熊本県",,"熊本市西区野中",NULL,NULL
"672","839-0851","福岡県",,"久留米市御井町",NULL,NULL
"673","169-0074","東京都",,"新宿区北新宿",NULL,NULL
"674","800-0039","福岡県",,"北九州市門司区中町",NULL,NULL
"675","794-0042","愛媛県",,"今治市旭町",NULL,NULL
"676","812-0388",NULL,NULL,NULL,NULL,NULL
"677","860-8506",NULL,NULL,NULL,NULL,NULL
"678","863-0015","熊本県",,"天草市大浜町",NULL,NULL
"679","852-8131","長崎県",,"長崎市文教町",NULL,NULL
"680","820-0004","福岡県",,"飯塚市新立岩",NULL,NULL
"681","870-0104","大分県",,"大分市南鶴崎",NULL,NULL
"682","812-0032","福岡県",,"福岡市博多区石城町",NULL,NULL
"683","920-0981","石川県",,"金沢市片町",NULL,NULL
"684","800-0322","福岡県",,"京都郡苅田町二崎",NULL,NULL
"685","820-8513",NULL,NULL,NULL,NULL,NULL
"686","839-1400","福岡県",,"うきは市",NULL,NULL
"687","817-0322","長崎県",,"対馬市美津島町鶏知",NULL,NULL
"688","901-2214","沖縄県",,"宜野湾市我如古",NULL,NULL
"689","818-0192",NULL,NULL,NULL,NULL,NULL
"690","077-0077",NULL,NULL,NULL,NULL,NULL
"691","865-0023","熊本県",,"玉名市大倉",NULL,NULL
"692","891-0101","鹿児島県",,"鹿児島市五ケ別府町",NULL,NULL
"693","890-0066","鹿児島県",,"鹿児島市真砂町",NULL,NULL
"694","873-0203","大分県",,"国東市安岐町中園",NULL,NULL
"695","811-2303","福岡県",,"糟屋郡粕屋町酒殿",NULL,NULL
"696","877-0072","大分県",,"日田市新治町",NULL,NULL
"697","-",NULL,NULL,NULL,NULL,NULL
"698","800-0206","福岡県",,"北九州市小倉南区葛原東",NULL,NULL
"699","701-0221","岡山県",,"岡山市南区藤田",NULL,NULL
"700","753-0851","山口県",,"山口市黒川",NULL,NULL
"701","811-4193",NULL,NULL,NULL,NULL,NULL
"702","819-0373","福岡県",,"福岡市西区周船寺",NULL,NULL
"703","860-0073","熊本県",,"熊本市西区島崎",NULL,NULL
"704","801-0803","福岡県",,"北九州市門司区田野浦",NULL,NULL
"705","862-0908","熊本県",,"熊本市東区新生",NULL,NULL
"706","899-0216","鹿児島県",,"出水市大野原町",NULL,NULL
"707","733-0011","広島県",,"広島市西区横川町",NULL,NULL
"708","812-0879","福岡県",,"福岡市博多区銀天町",NULL,NULL
"709","89１-2393",NULL,NULL,NULL,NULL,NULL
"710","817-1214","長崎県",,"対馬市豊玉町鑓川",NULL,NULL
"711","100-0004","東京都",,"千代田区大手町",NULL,NULL
"712","824-0602","福岡県",,"田川郡添田町添田",NULL,NULL
"713","830-0013","福岡県",,"久留米市櫛原町",NULL,NULL
"714","812-0024","福岡県",,"福岡市博多区綱場町",NULL,NULL
"715","811-2232","福岡県",,"糟屋郡志免町別府西",NULL,NULL
"716","870-8636",NULL,NULL,NULL,NULL,NULL
"717","343-0027","埼玉県",,"越谷市大房",NULL,NULL
"718","818-0125","福岡県",,"太宰府市五条",NULL,NULL
"719","822-0023","福岡県",,"直方市神正町",NULL,NULL
"720","154-0015","東京都",,"世田谷区桜新町",NULL,NULL
"721","860-0848","熊本県",,"熊本市中央区南坪井町",NULL,NULL
"722","841-0201","佐賀県",,"三養基郡基山町小倉",NULL,NULL
"723","104-0061","東京都",,"中央区銀座",NULL,NULL
"724","399-0004","長野県",,"松本市市場",NULL,NULL
"725","879-5506","大分県",,"由布市挾間町挾間",NULL,NULL
"726","834-0011","福岡県",,"八女市長野",NULL,NULL
"727","859-5121","長崎県",,"平戸市岩の上町",NULL,NULL
"728","354-0043","埼玉県",,"入間郡三芳町竹間沢",NULL,NULL
"729","160-8330",NULL,NULL,NULL,NULL,NULL
"730","245-0016","神奈川県",,"横浜市泉区和泉町",NULL,NULL
"731","862-8652",NULL,NULL,NULL,NULL,NULL
"732","870－0021",NULL,NULL,NULL,NULL,NULL
"733","451-0044","愛知県",,"名古屋市西区菊井",NULL,NULL
"734","895-0052","鹿児島県",,"薩摩川内市神田町",NULL,NULL
"735","136-0073","東京都",,"江東区北砂",NULL,NULL
"736","224-0053","神奈川県",,"横浜市都筑区池辺町",NULL,NULL
"737","8380226","福岡県",,"朝倉郡筑前町中牟田",NULL,NULL
"738","876-0843","大分県",,"佐伯市中の島",NULL,NULL
"739","811-0119","福岡県",,"糟屋郡新宮町緑ケ浜",NULL,NULL
"740","839-0215","福岡県",,"みやま市高田町濃施",NULL,NULL
"741","870-0044","大分県",,"大分市舞鶴町",NULL,NULL
"742","840-0801","佐賀県",,"佐賀市駅前中央",NULL,NULL
"743","650-0046","兵庫県",,"神戸市中央区港島中町",NULL,NULL
"744","889-2535","宮崎県",,"日南市飫肥",NULL,NULL
"745","826-0041","福岡県",,"田川市弓削田",NULL,NULL
"746","8130042","福岡県",,"福岡市東区舞松原",NULL,NULL
"747","825-0002","福岡県",,"田川市伊田",NULL,NULL
"748","868-0004","熊本県",,"人吉市九日町",NULL,NULL
"749","143-0024","東京都",,"大田区中央",NULL,NULL
"750","113-0034","東京都",,"文京区湯島",NULL,NULL
"751","871-0015","大分県",,"中津市牛神",NULL,NULL
"752","669-1122","兵庫県",,"西宮市青葉台",NULL,NULL
"753","810-0012","福岡県",,"福岡市中央区白金",NULL,NULL
"754","810-0003","福岡県",,"福岡市中央区春吉",NULL,NULL
"755","103-0013","東京都",,"中央区日本橋人形町",NULL,NULL
"756","809-0383",NULL,NULL,NULL,NULL,NULL
"757","812-8613",NULL,NULL,NULL,NULL,NULL
"758","807-0856","福岡県",,"北九州市八幡西区八枝",NULL,NULL
"759","862-0956","熊本県",,"熊本市中央区水前寺公園",NULL,NULL
"760","889-1607","宮崎県",,"宮崎市清武町加納",NULL,NULL
"761","830-0028","福岡県",,"久留米市京町",NULL,NULL
"762","862-0912","熊本県",,"熊本市東区錦ケ丘",NULL,NULL
"763","862-0976","熊本県",,"熊本市中央区九品寺",NULL,NULL
"764","841-0031","佐賀県",,"鳥栖市鎗田町",NULL,NULL
"765","870-0887","大分県",,"大分市二又町",NULL,NULL
"766","805-0002","福岡県",,"北九州市八幡東区枝光",NULL,NULL
"767","977-0077",NULL,NULL,NULL,NULL,NULL
"768","700-0903","岡山県",,"岡山市北区幸町",NULL,NULL
"769","838-0039","福岡県",,"朝倉市桑原",NULL,NULL
"770","750-0033","山口県",,"下関市山手町",NULL,NULL
"771","861-5521","熊本県",,"熊本市北区鹿子木町",NULL,NULL
"772","866-8501",NULL,NULL,NULL,NULL,NULL
"773","854-0007","長崎県",,"諫早市目代町",NULL,NULL
"774","880-0901","宮崎県",,"宮崎市東大淀",NULL,NULL
"775","852-8794",NULL,NULL,NULL,NULL,NULL
"776","869-5442","熊本県",,"葦北郡芦北町花岡",NULL,NULL
"777","837-0922","福岡県",,"大牟田市今山",NULL,NULL
"778","899-5431","鹿児島県",,"姶良市西餠田",NULL,NULL
"779","826-0021","福岡県",,"田川市桜町",NULL,NULL
"780","223-0058","神奈川県",,"横浜市港北区新吉田東",NULL,NULL
"781","808-0135","福岡県",,"北九州市若松区ひびきの",NULL,NULL
"782","889-4942",NULL,NULL,NULL,NULL,NULL
"783","850-0803","長崎県",,"長崎市風頭町",NULL,NULL
"784","163-0409","東京都",,"新宿区西新宿新宿三井ビル",NULL,NULL
"785","861-8029","熊本県",,"熊本市東区西原",NULL,NULL
"786","813-0033","福岡県",,"福岡市東区多々良",NULL,NULL
"787","861-4115","熊本県",,"熊本市南区川尻",NULL,NULL
"788","861-5512","熊本県",,"熊本市北区梶尾町",NULL,NULL
"789","870-0039","大分県",,"大分市中春日町",NULL,NULL
"790","849-1312","佐賀県",,"鹿島市納富分",NULL,NULL
"791","800-0042","福岡県",,"北九州市門司区上馬寄",NULL,NULL
"792","830-0047","福岡県",,"久留米市津福本町",NULL,NULL
"793","900-0016","沖縄県",,"那覇市前島",NULL,NULL
"794","811-1311","福岡県",,"福岡市南区横手",NULL,NULL
"795","870-8511",NULL,NULL,NULL,NULL,NULL
"796","543-0002","大阪府",,"大阪市天王寺区上汐",NULL,NULL
"797","747-0051","山口県",,"防府市泉町",NULL,NULL
"798","861-8046","熊本県",,"熊本市東区石原",NULL,NULL
"799","447-0877","愛知県",,"碧南市栄町",NULL,NULL
"800","859-5113","長崎県",,"平戸市木引田町",NULL,NULL
"801","861-1102","熊本県",,"合志市須屋",NULL,NULL
"802","803-0831","福岡県",,"北九州市小倉北区日明",NULL,NULL
"803","842-0035","佐賀県",,"神埼郡吉野ヶ里町田手",NULL,NULL
"804","812-0006","福岡県",,"福岡市博多区上牟田",NULL,NULL
"805","811-3436","福岡県",,"宗像市東郷",NULL,NULL
"806","813-0013","福岡県",,"福岡市東区香椎駅前",NULL,NULL
"807","850-0831","長崎県",,"長崎市鍛冶屋町",NULL,NULL
"808","8190161","福岡県",,"福岡市西区今宿東",NULL,NULL
"809","730-0036","広島県",,"広島市中区袋町",NULL,NULL
"810","882-0044","宮崎県",,"延岡市博労町",NULL,NULL
"811","812-0054","福岡県",,"福岡市東区馬出",NULL,NULL
"812","879-0471","大分県",,"宇佐市四日市",NULL,NULL
"813","816-0895",NULL,NULL,NULL,NULL,NULL
"814","440-0873","愛知県",,"豊橋市小畷町",NULL,NULL
"815","060-0061","北海道",,"札幌市中央区南一条西",NULL,NULL
"816","880-0125","宮崎県",,"宮崎市広原",NULL,NULL
"817","882-0052","宮崎県",,"延岡市萩町",NULL,NULL
"818","577-0066","大阪府",,"東大阪市高井田本通",NULL,NULL
"819","559-0025","大阪府",,"大阪市住之江区平林南",NULL,NULL
"820","849-1207","佐賀県",,"杵島郡白石町深浦",NULL,NULL
"821","839-0862","福岡県",,"久留米市野中町",NULL,NULL
"822","850-0963","長崎県",,"長崎市ダイヤランド",NULL,NULL
"823","231-0023","神奈川県",,"横浜市中区山下町",NULL,NULL
"824","920-0344","石川県",,"金沢市畝田東",NULL,NULL
"825","808-0022","福岡県",,"北九州市若松区安瀬",NULL,NULL
"826","639-2256","奈良県",,"御所市栗阪",NULL,NULL
"827","814-8585",NULL,NULL,NULL,NULL,NULL
"828","108-0023","東京都",,"港区芝浦",NULL,NULL
"829","760-0008","香川県",,"高松市中野町",NULL,NULL
"830","709-2192",NULL,NULL,NULL,NULL,NULL
"831","870-1198",NULL,NULL,NULL,NULL,NULL
"832","879-0457","大分県",,"宇佐市芝原",NULL,NULL
"833","812-0044","福岡県",,"福岡市博多区千代",NULL,NULL
"834","810-0801","福岡県",,"福岡市博多区中洲",NULL,NULL
"835","862-0901","熊本県",,"熊本市東区東町",NULL,NULL
"836","875-0062","大分県",,"臼杵市野田",NULL,NULL
"837","640-8305","和歌山県",,"和歌山市栗栖",NULL,NULL
"838","882-0863","宮崎県",,"延岡市緑ケ丘",NULL,NULL
"839","892-0834","鹿児島県",,"鹿児島市南林寺町",NULL,NULL
"840","812-0003","福岡県",,"福岡市博多区下臼井",NULL,NULL
"841","180-0004","東京都",,"武蔵野市吉祥寺本町",NULL,NULL
"842","805-0067","福岡県",,"北九州市八幡東区祇園",NULL,NULL
"843","843-0001","佐賀県",,"武雄市朝日町甘久",NULL,NULL
"844","899-7103","鹿児島県",,"志布志市志布志町志布志",NULL,NULL
"845","801-0856","福岡県",,"北九州市門司区浜町",NULL,NULL
"846","151-0063","東京都",,"渋谷区富ヶ谷",NULL,NULL
"847","882-0072","宮崎県",,"延岡市吉野町",NULL,NULL
"848","872-0521","大分県",,"宇佐市安心院町下毛",NULL,NULL
"849","690-0021","島根県",,"松江市矢田町",NULL,NULL
"850","163-8636",NULL,NULL,NULL,NULL,NULL
"851","559-0024","大阪府",,"大阪市住之江区新北島",NULL,NULL
"852","135-0062","東京都",,"江東区東雲",NULL,NULL
"853","820-0046","福岡県",,"飯塚市大日寺",NULL,NULL
"854","895-0021","鹿児島県",,"薩摩川内市向田本町",NULL,NULL
"855","861-1323","熊本県",,"菊池市西寺",NULL,NULL
"856","457-0819","愛知県",,"名古屋市南区滝春町",NULL,NULL
"857","824-0601","福岡県",,"田川郡添田町庄",NULL,NULL
"858","811-0002",NULL,NULL,NULL,NULL,NULL
"859","860-0058","熊本県",,"熊本市西区田崎町",NULL,NULL
"860","890-0052","鹿児島県",,"鹿児島市上之園町",NULL,NULL
"861","880-0004","宮崎県",,"宮崎市元宮町",NULL,NULL
"862","163-0531","東京都",,"新宿区西新宿新宿野村ビル",NULL,NULL
"863","800-0025","福岡県",,"北九州市門司区柳町",NULL,NULL
"864","801-0831","福岡県",,"北九州市門司区丸山",NULL,NULL
"865","871-0161","大分県",,"中津市上池永",NULL,NULL
"866","311-3116","茨城県",,"東茨城郡茨城町長岡",NULL,NULL
"867","854-0055","長崎県",,"諫早市栗面町",NULL,NULL
"868","104-8431",NULL,NULL,NULL,NULL,NULL
"869","891-0402","鹿児島県",,"指宿市十町",NULL,NULL
"870","891-0144","鹿児島県",,"鹿児島市下福元町",NULL,NULL
"871","849-0933","佐賀県",,"佐賀市卸本町",NULL,NULL
"872","879-5421","大分県",,"由布市庄内町柿原",NULL,NULL
"873","818-0138","福岡県",,"太宰府市吉松",NULL,NULL
"874","861-8039","熊本県",,"熊本市東区長嶺南",NULL,NULL
"875","842-0001","佐賀県",,"神埼市神埼町神埼",NULL,NULL
"876","808-0025","福岡県",,"北九州市若松区中川町",NULL,NULL
"877","802-0023","福岡県",,"北九州市小倉北区下富野",NULL,NULL
"878","340-0835","埼玉県",,"八潮市浮塚",NULL,NULL
"879","861-8041","熊本県",,"熊本市東区戸島",NULL,NULL
"880","414-0044","静岡県",,"伊東市川奈",NULL,NULL
"881","879-1505","大分県",,"速見郡日出町川崎",NULL,NULL
"882","856-0834","長崎県",,"大村市玖島",NULL,NULL
"883","882-0804","宮崎県",,"延岡市西階町",NULL,NULL
"884","980-0802","宮城県",,"仙台市青葉区二日町",NULL,NULL
"885","850-0832","長崎県",,"長崎市油屋町",NULL,NULL
"886","427-0011","静岡県",,"島田市東町",NULL,NULL
"887","433-8113","静岡県",,"浜松市中区小豆餅",NULL,NULL
"888","438-0071","静岡県",,"磐田市今之浦",NULL,NULL
"889","871-0913","福岡県",,"築上郡上毛町垂水",NULL,NULL
"890","883-0046","宮崎県",,"日向市中町",NULL,NULL
"891","150-0034","東京都",,"渋谷区代官山町",NULL,NULL
"892","879-5405","大分県",,"由布市庄内町東長宝",NULL,NULL
"893","470-0217","愛知県",,"みよし市根浦町",NULL,NULL
"894","880-8509",NULL,NULL,NULL,NULL,NULL
"895","880-0902","宮崎県",,"宮崎市大淀",NULL,NULL
"896","881-0005","宮崎県",,"西都市三宅",NULL,NULL
"897","448-0803","愛知県",,"刈谷市野田町",NULL,NULL
"898","102-0072","東京都",,"千代田区飯田橋",NULL,NULL
"899","832-0072","福岡県",,"柳川市糀屋町",NULL,NULL
"900","492-8448","愛知県",,"稲沢市北麻績町",NULL,NULL
"901","818-0119","福岡県",,"太宰府市連歌屋",NULL,NULL
"902","980-0011","宮城県",,"仙台市青葉区上杉",NULL,NULL
"903","860-0083","熊本県",,"熊本市北区大窪",NULL,NULL
"904","104-8656",NULL,NULL,NULL,NULL,NULL
"905","849-0922","佐賀県",,"佐賀市高木瀬東",NULL,NULL
"906","856-0818","長崎県",,"大村市今津町",NULL,NULL
"907","432-8021","静岡県",,"浜松市中区佐鳴台",NULL,NULL
"908","860-0832","熊本県",,"熊本市中央区萩原町",NULL,NULL
"909","050-0071","北海道",,"室蘭市水元町",NULL,NULL
"910","130-0026","東京都",,"墨田区両国",NULL,NULL
"911","451-0031","愛知県",,"名古屋市西区城西",NULL,NULL
"912","803-0841","福岡県",,"北九州市小倉北区清水",NULL,NULL
"913","804-0044","福岡県",,"北九州市戸畑区菅原",NULL,NULL
"914","866-0814","熊本県",,"八代市東片町",NULL,NULL
"915","810-8509",NULL,NULL,NULL,NULL,NULL
"916","760-0017","香川県",,"高松市番町",NULL,NULL
"917","879-4801","大分県",,"玖珠郡九重町右田",NULL,NULL
"918","007-0802","北海道",,"札幌市東区東苗穂二条",NULL,NULL
"919","530-0002","大阪府",,"大阪市北区曽根崎新地",NULL,NULL
"920","067-0012","北海道",,"江別市２条",NULL,NULL
"921","750-0066","山口県",,"下関市東大和町",NULL,NULL
"922","817-1701","長崎県",,"対馬市上対馬町比田勝",NULL,NULL
"923","881-0012","宮崎県",,"西都市小野崎",NULL,NULL
"924","733-0035","広島県",,"広島市西区南観音",NULL,NULL
"925","480-0303","愛知県",,"春日井市明知町",NULL,NULL
"926","818-0122","福岡県",,"太宰府市高雄",NULL,NULL
"927","812-8539",NULL,NULL,NULL,NULL,NULL
"928","870-0935","大分県",,"大分市古ケ鶴",NULL,NULL
"929","134-0084","東京都",,"江戸川区東葛西",NULL,NULL
"930","807-0113","福岡県",,"遠賀郡芦屋町中ノ浜",NULL,NULL
"931","849-0505","佐賀県",,"杵島郡江北町下小田",NULL,NULL
"932","386-1103","長野県",,"上田市神畑",NULL,NULL
"933","179-0082","東京都",,"練馬区錦",NULL,NULL
"934","500-8367","岐阜県",,"岐阜市宇佐南",NULL,NULL
"935","753-0212","山口県",,"山口市下小鯖",NULL,NULL
"936","850-0031","長崎県",,"長崎市桜町",NULL,NULL
"937","805-0062","福岡県",,"北九州市八幡東区平野",NULL,NULL
"938","668-0046","兵庫県",,"豊岡市立野町",NULL,NULL
"939","810-0022","福岡県",,"福岡市中央区薬院",NULL,NULL
"940","537-0014","大阪府",,"大阪市東成区大今里西",NULL,NULL
"941","570-0043","大阪府",,"守口市南寺方東通",NULL,NULL
"942","737-0027","広島県",,"呉市昭和町",NULL,NULL
"943","807-000054",NULL,NULL,NULL,NULL,NULL
"944","756-0806","山口県",,"山陽小野田市中川",NULL,NULL
"945","832-0823","福岡県",,"柳川市三橋町今古賀",NULL,NULL
"946","880-0915","宮崎県",,"宮崎市恒久南",NULL,NULL
"947","853-0033","長崎県",,"五島市木場町",NULL,NULL
"948","851-2107","長崎県",,"西彼杵郡時津町久留里郷",NULL,NULL
"949","899-5656","鹿児島県",,"姶良市西姶良",NULL,NULL
"950","340-0822","埼玉県",,"八潮市大瀬",NULL,NULL
"951","814-0198",NULL,NULL,NULL,NULL,NULL
"952","870-0026","大分県",,"大分市金池町",NULL,NULL
"953","897-0006","鹿児島県",,"南さつま市加世田本町",NULL,NULL
"954","813-8513",NULL,NULL,NULL,NULL,NULL
"955","811-1201","福岡県",,"那珂川市片縄",NULL,NULL
"956","874-850",NULL,NULL,NULL,NULL,NULL
"957","851-2211","長崎県",,"長崎市京泊",NULL,NULL
"958","879-1506","大分県",,"速見郡日出町日出町の次に番地がくる場合",NULL,NULL
"959","861-8084","熊本県",,"熊本市北区清水岩倉",NULL,NULL
"960","124-0022","東京都",,"葛飾区奥戸",NULL,NULL
"961","885-0078","宮崎県",,"都城市宮丸町",NULL,NULL
"962","541-0054","大阪府",,"大阪市中央区南本町",NULL,NULL
"963","146-0091","東京都",,"大田区鵜の木",NULL,NULL
"964","299-2116","千葉県",,"安房郡鋸南町岩井袋",NULL,NULL
"965","827-0003","福岡県",,"田川郡川崎町川崎",NULL,NULL
"966","857-1165","長崎県",,"佐世保市大和町",NULL,NULL
"967","875-0023","大分県",,"臼杵市江無田",NULL,NULL
"968","730-0825","広島県",,"広島市中区光南",NULL,NULL
"969","807-0825","福岡県",,"北九州市八幡西区折尾",NULL,NULL
"970","834-0111","福岡県",,"八女郡広川町日吉",NULL,NULL
"971","870-0015","大分県",,"大分市新川西",NULL,NULL
"972","810-0042","福岡県",,"福岡市中央区赤坂",NULL,NULL
"973","815-0075","福岡県",,"福岡市南区長丘",NULL,NULL
"974","950-2022","新潟県",,"新潟市西区小針",NULL,NULL
"975","838-0106","福岡県",,"小郡市三沢",NULL,NULL
"976","869-0552","熊本県",,"宇城市不知火町高良",NULL,NULL
"977","817-0021","長崎県",,"対馬市厳原町今屋敷",NULL,NULL
"978","135-8671",NULL,NULL,NULL,NULL,NULL
"979","813-0041","福岡県",,"福岡市東区水谷",NULL,NULL
"980","812-0857","福岡県",,"福岡市博多区西月隈",NULL,NULL
"981","849-0936","佐賀県",,"佐賀市鍋島町森田",NULL,NULL
"982","874-0924","大分県",,"別府市餅ケ浜町",NULL,NULL
"983","869-2506","熊本県",,"阿蘇郡小国町上田",NULL,NULL
"984","108-0074","東京都",,"港区高輪",NULL,NULL
"985","822-0027","福岡県",,"直方市古町",NULL,NULL
"986","892-0844","鹿児島県",,"鹿児島市山之口町",NULL,NULL
"987","893-1612","鹿児島県",,"肝属郡東串良町池之原",NULL,NULL
"988","567-0059","大阪府",,"茨木市清水",NULL,NULL
"989","852-8105","長崎県",,"長崎市目覚町",NULL,NULL
"990","530-0012","大阪府",,"大阪市北区芝田",NULL,NULL
"991","818-0024","福岡県",,"筑紫野市原田",NULL,NULL
"992","730-0051","広島県",,"広島市中区大手町",NULL,NULL
"993","870-0278","大分県",,"大分市青崎",NULL,NULL
"994","896-0042","鹿児島県",,"いちき串木野市本浜町",NULL,NULL
"995","884-8655",NULL,NULL,NULL,NULL,NULL
"996","879-0455","大分県",,"宇佐市閤",NULL,NULL
"997","810-0062","福岡県",,"福岡市中央区荒戸",NULL,NULL
"998","820-0073","福岡県",,"飯塚市平恒",NULL,NULL
"999","860-0046","熊本県",,"熊本市西区横手",NULL,NULL
"1000","861-5592",NULL,NULL,NULL,NULL,NULL
"1001","907-0013","沖縄県",,"石垣市浜崎町",NULL,NULL
"1002","959-2637","新潟県",,"胎内市長橋",NULL,NULL
"1003","869-1101","熊本県",,"菊池郡菊陽町津久礼",NULL,NULL
"1004","864-0041","熊本県",,"荒尾市荒尾",NULL,NULL
"1005","800-0057","福岡県",,"北九州市門司区大里新町",NULL,NULL
"1006","814-0133","福岡県",,"福岡市城南区七隈",NULL,NULL
"1007","899-1616","鹿児島県",,"阿久根市栄町",NULL,NULL
"1008","895-0036","鹿児島県",,"薩摩川内市矢倉町",NULL,NULL
"1009","864-0054","熊本県",,"荒尾市大正町",NULL,NULL
"1010","371-0855","群馬県",,"前橋市問屋町",NULL,NULL
"1011","819-0167","福岡県",,"福岡市西区今宿",NULL,NULL
"1012","856-0816","長崎県",,"大村市箕島町",NULL,NULL
"1013","893-0024","鹿児島県",,"鹿屋市下祓川町",NULL,NULL
"1014","892-0836","鹿児島県",,"鹿児島市錦江町",NULL,NULL
"1015","882-0844","宮崎県",,"延岡市春日町",NULL,NULL
"1016","813-0018","福岡県",,"福岡市東区香椎浜ふ頭",NULL,NULL
"1017","860-0807","熊本県",,"熊本市中央区下通",NULL,NULL
"1018","874-8577",NULL,NULL,NULL,NULL,NULL
"1019","896-1101","鹿児島県",,"薩摩川内市里町里",NULL,NULL
"1020","811-0102","福岡県",,"糟屋郡新宮町立花口",NULL,NULL
"1021","870-0037","大分県",,"大分市東春日町",NULL,NULL
"1022","819-0192",NULL,NULL,NULL,NULL,NULL
"1023","530-0005","大阪府",,"大阪市北区中之島",NULL,NULL
"1024","890-8794",NULL,NULL,NULL,NULL,NULL
"1025","803-0268","福岡県",,"北九州市小倉南区高津尾",NULL,NULL
"1026","328-0042","栃木県",,"栃木市沼和田町",NULL,NULL
"1027","841-0023","佐賀県",,"鳥栖市姫方町",NULL,NULL
"1028","887-0022","宮崎県",,"日南市上平野町",NULL,NULL
"1029","830-0046","福岡県",,"久留米市原古賀町",NULL,NULL
"1030","814-0074",NULL,NULL,NULL,NULL,NULL
"1031","156-8502",NULL,NULL,NULL,NULL,NULL
"1032","840-0811","佐賀県",,"佐賀市大財",NULL,NULL
"1033","819-0022","福岡県",,"福岡市西区福重",NULL,NULL
"1034","160-0022","東京都",,"新宿区新宿",NULL,NULL
"1035","863-0021","熊本県",,"天草市港町",NULL,NULL
"1036","810-0074","福岡県",,"福岡市中央区大手門",NULL,NULL
"1037","812-0035","福岡県",,"福岡市博多区中呉服町",NULL,NULL
"1038","812-0043","福岡県",,"福岡市博多区堅粕",NULL,NULL
"1039","880-8520",NULL,NULL,NULL,NULL,NULL
"1040","850-0853","長崎県",,"長崎市浜町",NULL,NULL
"1041","814-0006","福岡県",,"福岡市早良区百道",NULL,NULL
"1042","811-2112","福岡県",,"糟屋郡須惠町植木",NULL,NULL
"1043","841-0034","佐賀県",,"鳥栖市京町",NULL,NULL
"1044","889-3206","宮崎県",,"日南市南郷町南町",NULL,NULL
"1045","330-0074","埼玉県",,"さいたま市浦和区北浦和",NULL,NULL
"1046","857-0027","長崎県",,"佐世保市谷郷町",NULL,NULL
"1047","870-0003","大分県",,"大分市生石",NULL,NULL
"1048","870-0912","大分県",,"大分市原新町",NULL,NULL
"1049","811-4143","福岡県",,"宗像市三郎丸",NULL,NULL
"1050","971-8101","福島県",,"いわき市小名浜",NULL,NULL
"1051","899-2201","鹿児島県",,"日置市東市来町湯田",NULL,NULL
"1052","971-8131","福島県",,"いわき市常磐上矢田町",NULL,NULL
"1053","104-0028","東京都",,"中央区八重洲",NULL,NULL
"1054","839-9212",NULL,NULL,NULL,NULL,NULL
"1055","840-0815","佐賀県",,"佐賀市天神",NULL,NULL
"1056","135-0091","東京都",,"港区台場",NULL,NULL
"1057","867-0045","熊本県",,"水俣市桜井町",NULL,NULL
"1058","880-0806","宮崎県",,"宮崎市広島",NULL,NULL
"1059","804-0053","福岡県",,"北九州市戸畑区牧山",NULL,NULL
"1060","893-0004","鹿児島県",,"鹿屋市朝日町",NULL,NULL
"1061","862-0903","熊本県",,"熊本市東区若葉",NULL,NULL
"1062","895-2511","鹿児島県",,"伊佐市大口里",NULL,NULL
"1063","904-0012","沖縄県",,"沖縄市安慶田",NULL,NULL
"1064","455-0011","愛知県",,"名古屋市港区千年",NULL,NULL
"1065","819-0395",NULL,NULL,NULL,NULL,NULL
"1066","841-0017","佐賀県",,"鳥栖市田代大官町",NULL,NULL
"1067","813-0034","福岡県",,"福岡市東区多の津",NULL,NULL
"1068","870-0936","大分県",,"大分市岩田町",NULL,NULL
"1069","208-0023","東京都",,"武蔵村山市伊奈平",NULL,NULL
"1070","891-0197",NULL,NULL,NULL,NULL,NULL
"1071","885-1203","宮崎県",,"都城市高城町大井手",NULL,NULL
"1072","806-0049","福岡県",,"北九州市八幡西区穴生",NULL,NULL
"1073","8190167","福岡県",,"福岡市西区今宿",NULL,NULL
"1074","861-3103","熊本県",,"上益城郡嘉島町井寺",NULL,NULL
"1075","860-0878",NULL,NULL,NULL,NULL,NULL
"1076","804-0002","福岡県",,"北九州市戸畑区中原",NULL,NULL
"1077","811-1395",NULL,NULL,NULL,NULL,NULL
"1078","857-0143","長崎県",,"佐世保市吉岡町",NULL,NULL
"1079","871-0011","大分県",,"中津市下池永",NULL,NULL
"1080","891-2111","鹿児島県",,"垂水市新御堂",NULL,NULL
"1081","859-3292",NULL,NULL,NULL,NULL,NULL
"1082","870-8524",NULL,NULL,NULL,NULL,NULL
"1083","849-2201","佐賀県",,"武雄市北方町志久",NULL,NULL
"1084","245-0023","神奈川県",,"横浜市泉区和泉中央南",NULL,NULL
"1085","859-3243","長崎県",,"佐世保市ハウステンボス町",NULL,NULL
"1086","8110212","福岡県",,"福岡市東区美和台",NULL,NULL
"1087","847-0075","佐賀県",,"唐津市和多田用尺",NULL,NULL
"1088","541-0053","大阪府",,"大阪市中央区本町",NULL,NULL
"1089","8490932","佐賀県",,"佐賀市鍋島町八戸溝",NULL,NULL
"1090","854-0063","長崎県",,"諫早市貝津町",NULL,NULL
"1091","870-8504",NULL,NULL,NULL,NULL,NULL
"1092","371-0857","群馬県",,"前橋市高井町",NULL,NULL
"1093","812-8639",NULL,NULL,NULL,NULL,NULL
"1094","880-0951","宮崎県",,"宮崎市大塚町",NULL,NULL
"1095","839-1406","福岡県",,"うきは市浮羽町高見",NULL,NULL
"1096","859-0405","長崎県",,"諫早市多良見町中里",NULL,NULL
"1097","144-0041","東京都",,"大田区羽田空港",NULL,NULL
"1098","812-0005","福岡県",,"福岡市博多区上臼井",NULL,NULL
"1099","861-5517","熊本県",,"熊本市北区鶴羽田",NULL,NULL
"1100","150-0044","東京都",,"渋谷区円山町",NULL,NULL
"1101","845-0001","佐賀県",,"小城市小城町",NULL,NULL
"1102","101-0032","東京都",,"千代田区岩本町",NULL,NULL
"1103","868-0606","熊本県",,"球磨郡湯前町中里",NULL,NULL
"1104","835-0023","福岡県",,"みやま市瀬高町小川",NULL,NULL
"1105","842-0031","佐賀県",,"神埼郡吉野ヶ里町吉田",NULL,NULL
"1106","422-8766",NULL,NULL,NULL,NULL,NULL
"1107","673-0404","兵庫県",,"三木市大村",NULL,NULL
"1108","819-0031","福岡県",,"福岡市西区橋本",NULL,NULL
"1109","369-0137","埼玉県",,"鴻巣市大芦",NULL,NULL
"1110","816-0814","福岡県",,"春日市春日",NULL,NULL
"1111","860-8586",NULL,NULL,NULL,NULL,NULL
"1112","880-0912","宮崎県",,"宮崎市赤江",NULL,NULL
"1113","802-8515",NULL,NULL,NULL,NULL,NULL
"1114","790-0005","愛媛県",,"松山市花園町",NULL,NULL
"1115","810-8611",NULL,NULL,NULL,NULL,NULL
"1116","8140161","福岡県",,"福岡市早良区飯倉",NULL,NULL
"1117","356-8502",NULL,NULL,NULL,NULL,NULL
"1118","834-0034","福岡県",,"八女市高塚",NULL,NULL
"1119","731-0153","広島県",,"広島市安佐南区安東",NULL,NULL
"1120","814-0142","福岡県",,"福岡市城南区片江",NULL,NULL
"1121","802-0972","福岡県",,"北九州市小倉南区守恒",NULL,NULL
"1122","828‐0025",NULL,NULL,NULL,NULL,NULL
"1123","150-0013","東京都",,"渋谷区恵比寿",NULL,NULL
"1124","061-1268","北海道",,"北広島市輪厚中央",NULL,NULL
"1125","652-8520",NULL,NULL,NULL,NULL,NULL
"1126","220-8586",NULL,NULL,NULL,NULL,NULL
"1127","475-0032","愛知県",,"半田市潮干町",NULL,NULL
"1128","810-0014","福岡県",,"福岡市中央区平尾",NULL,NULL
"1129","901-2602",NULL,NULL,NULL,NULL,NULL
"1130","409-3601","山梨県",,"西八代郡市川三郷町市川大門",NULL,NULL
"1131","811－1201",NULL,NULL,NULL,NULL,NULL
"1132","803-0844","福岡県",,"北九州市小倉北区真鶴",NULL,NULL
"1133","108-0075","東京都",,"港区港南",NULL,NULL
"1134","171-0031","東京都",,"豊島区目白",NULL,NULL
"1135","870-0954","大分県",,"大分市下郡中央",NULL,NULL
"1136","889-1301","宮崎県",,"児湯郡川南町川南",NULL,NULL
"1137","750-0025","山口県",,"下関市竹崎町",NULL,NULL
"1138","803-0836","福岡県",,"北九州市小倉北区中井",NULL,NULL
"1139","840-0826","佐賀県",,"佐賀市白山",NULL,NULL
"1140","779-1106","徳島県",,"阿南市羽ノ浦町岩脇",NULL,NULL
"1141","530-8230",NULL,NULL,NULL,NULL,NULL
"1142","151-0053","東京都",,"渋谷区代々木",NULL,NULL
"1143","066-0051","北海道",,"千歳市泉沢",NULL,NULL
"1144","136-0071","東京都",,"江東区亀戸",NULL,NULL
"1145","100-0006","東京都",,"千代田区有楽町",NULL,NULL
"1146","885-0016","宮崎県",,"都城市早水町",NULL,NULL
"1147","862-0920","熊本県",,"熊本市東区月出",NULL,NULL
"1148","590-0984","大阪府",,"堺市堺区神南辺町",NULL,NULL
"1149","730-0803","広島県",,"広島市中区広瀬北町",NULL,NULL
"1150","8128639",NULL,NULL,NULL,NULL,NULL
"1151","811-3105","福岡県",,"古賀市鹿部",NULL,NULL
"1152","252-0244","神奈川県",,"相模原市中央区田名",NULL,NULL
"1153","850-0875","長崎県",,"長崎市栄町",NULL,NULL
"1154","752-0927","山口県",,"下関市長府扇町",NULL,NULL
"1155","806-0043","福岡県",,"北九州市八幡西区青山",NULL,NULL
"1156","843-0022","佐賀県",,"武雄市武雄町武雄",NULL,NULL
"1157","893-0037","鹿児島県",,"鹿屋市田崎町",NULL,NULL
